﻿Forename,Surname,Gender,DOB,Class,Reg GROUP,FSM,MAT,SEN,EAL
Byron,Abdulla,M,2004-09-18,4,6,F,T,,
Isabella,Abdulla,F,2006-04-18,3,8,F,,,
Grace,Ainsworth,F,2006-11-11,2,9,F,T,,
Ayesha,Ali,F,2003-07-27,6,2,T,T,,Competent
Daaud,Ali,M,2004-12-25,4,5,T,T,,Early Acquisition
Charlotte,Allabarton,F,2004-01-19,5,4,F,T,A,
Selom,Amekor,M,2006-01-28,3,7,F,,A,Fluent
Eva,Armstrong,F,2005-06-02,4,6,F,,A,
Anais,Atkinson,F,2004-06-24,5,3,F,,A,Fluent
Andreas,Balebna,M,2007-05-31,2,10,T,,,Early Acquisition
Joseph,Barlier,M,2002-09-29,6,1,F,T,,
Rose,Barlier,F,2004-07-29,5,4,F,,,
Lucy,Beacon,F,2003-10-09,5,3,F,T,,
Madison,Beard,F,2005-04-16,4,5,F,T,,
Oliver,Beesley,M,2003-06-25,6,1,F,,,
Grace,Bellamy,F,2004-01-04,5,3,F,,,Fluent
Lois,Bellamy,F,2008-01-27,1,12,F,,,Not applicable
Jonah,Benford,M,2006-07-25,3,7,F,,,
Solomon,Bennett,M,2006-03-22,3,8,F,,A,
Arnav,Benoy,M,2005-11-08,3,7,F,,,Competent
Shannon,Bird,F,2003-02-21,6,1,F,,P,
Elys,Blacker,M,2007-05-02,2,9,F,,A,
Reuben,Blackmore,M,2008-02-21,1,11,F,,,Not applicable
Larisa,Bones,F,2003-07-22,6,2,F,,A,
Jaiden,Bowen,M,2003-11-05,5,4,F,,,Fluent
Amy,Bown,F,2006-06-25,3,8,F,,,
Rhys,Bown,M,2003-06-23,6,1,F,,,
Amani,Brace,F,2004-12-09,4,6,F,T,,Fluent
Samuel,Brandon,M,2007-06-19,2,10,F,T,,
Joshua,Branson-Tamlin,M,2004-12-30,4,6,F,,,
Caitlin,Brennan,F,2003-03-13,6,2,F,T,,
Harri,Brown,M,2005-10-21,3,8,F,T,,
Jack,Brown,M,2002-12-11,6,1,F,,,
James,Bryant,M,2008-06-22,1,12,F,,,Not applicable
Sophie,Bryant,F,2005-04-23,4,5,F,,,Not applicable
Madeline,Burgin,F,2007-04-02,2,10,F,,,
Fae,Burrell,F,2003-02-06,6,1,F,T,,
Imogen,Butt,F,2002-11-07,6,1,F,T,,Fluent
Illiana,Callender,F,2008-02-19,1,12,F,,,Not applicable
Gibril,Carlisle,M,2003-12-25,5,4,F,T,,Fluent
Paris,Christian,F,2005-04-25,4,5,F,,,Fluent
Abigail,Churchill,F,2005-03-21,4,6,F,,,
Billy,Clarke,M,2007-11-17,1,11,F,,,Not applicable
George,Clarke,M,2004-06-15,5,3,F,,,
Morgan,Clarke,M,2002-10-09,6,2,F,T,,
Olivia,Clements,F,2006-07-04,3,8,T,,A,
Hugo,Cochlin,M,2004-02-22,5,3,F,T,P,
Poppy,Cochlin,F,2008-04-26,1,12,F,,,Not applicable
Tom,Colcombe,M,2008-06-26,1,11,F,,,Not applicable
Coel,Collier,M,2006-12-01,2,10,F,,A,
Lily,Collier,F,2004-09-01,4,6,F,,,
Bryn,Collins,M,2004-12-25,4,5,F,,,Not applicable
George,Cottrell,M,2005-04-03,4,6,F,,,
Isla,Cronin,F,2006-05-23,3,8,F,,,
Dylan,Curtis,M,2007-10-24,1,12,F,,,Not applicable
Cian,Davies,M,2002-09-21,6,2,F,,,
Evie,Davies,F,2008-06-20,1,11,F,,,Not applicable
Max,Davies,M,2008-06-20,1,11,F,,,Not applicable
Tegan,Davies,F,2007-03-23,2,10,F,,,
Joshua,Day,M,2002-09-09,6,2,F,,A,
Hermione,Dennett,F,2003-04-03,6,2,T,,A,
Lexus,Dennett,M,2005-08-26,4,5,T,,A,
Dion,Devshi,M,2004-03-08,5,4,F,T,,Competent
Saloni,Devshi,F,2006-05-21,3,7,F,,,Developing Competence
Carter,Donaldson,M,2007-01-21,2,10,F,,,
Connor,Duffin,M,2004-10-08,4,6,F,,A,Early Acquisition
James,Duffin,M,2004-10-08,4,6,F,,,Early Acquisition
Oliver,Duffin,M,2008-01-15,1,12,F,,,Fluent
Joshua,Eades,M,2008-07-28,1,11,F,,,Not applicable
Jack,Edwards,M,2003-07-02,6,1,F,,,
Mia,Edwards,F,2006-06-22,3,8,F,,,
Vikki,Emmett-Mannings,F,2002-11-05,6,1,F,,P,
Sophie,Ennis,F,2004-12-25,4,5,F,,,
Coco,Evans,F,2007-06-16,2,10,T,,A,Fluent
Marguerite,Evans,F,2007-10-02,1,12,F,,,Developing Competence
Miah - Rose,Evans,F,2008-08-14,1,12,F,,,Not applicable
Joe,Farquhar,M,2007-08-04,2,9,F,,,
Bethan,Fenton,F,2004-03-04,5,3,F,,,
Morgan,Fenton,F,2003-01-29,6,2,F,,,
Immanuel,Feyi-Waboso,M,2002-12-20,6,1,F,T,,Fluent
Bonga,Fipaza,M,2005-04-04,4,5,F,,,Early Acquisition
Martha,Fletcher,F,2004-11-02,4,5,F,,,
Noah,Fletcher,M,2002-10-20,6,1,F,T,,Fluent
Dylan,Ford,M,2002-09-27,6,1,F,,A,
Grace,Forde - Gray ,F,2003-09-09,5,4,F,T,,
Lucy,Freebury,F,2004-01-18,5,4,F,,,
Samuel,Freebury,M,2005-10-11,3,7,F,,,
Lauren,Freebury-Rogers,F,2003-03-07,6,2,F,,A,
Joshua,Froom,M,2004-12-13,4,5,F,T,,Fluent
Lucy,Froom,F,2006-11-01,2,9,F,,,
Emily,Frowen,F,2007-11-04,1,12,F,,,Not applicable
Roxane,Garnett,F,2008-07-05,1,12,F,,,Not applicable
Lewis,Gauregui,M,2003-09-10,5,3,F,,,
Thomas,Gibbins,M,2007-05-25,2,10,F,,,
Gianluca,Girardi,M,2005-08-13,4,6,F,,,
Arwen,Goodbody,F,2004-11-13,4,6,F,,,
Carin,Gotru,F,2002-09-22,6,1,F,,,Fluent
Jonathan,Graham,M,2006-02-21,3,7,F,,,
Maria,Graham,F,2004-11-21,4,5,F,T,,
Connie,Gray,F,2008-03-26,1,11,F,,,
Luca,Grech,M,2008-05-11,1,12,F,,,Not applicable
Amelia,Greenwood,F,2003-12-06,5,4,F,T,,
Henry,Greenwood,M,2006-02-20,3,8,F,,,
Evie,Griffin,F,2008-08-08,1,11,F,,,Not applicable
George,Griffin,M,2004-01-26,5,4,F,,,
Izabel,Griffin,F,2006-03-08,3,7,F,,,
Patrick,Griffin,M,2006-12-04,2,9,F,,,
Scott,Griffin,M,2003-03-22,6,2,F,,,
Joel,Griffin-Payne,M,2004-08-28,5,4,F,,N,
Joshua,Griffiths,M,2003-04-02,6,2,F,,,
Oliver,Hallett,M,2004-09-30,4,5,F,T,,
Ryan,Hamer,M,2007-03-02,2,10,F,,,
Evie,Hanna,F,2008-05-30,1,12,F,,,Not applicable
Grace,Harries,F,2007-10-28,1,12,F,,,Not applicable
Brecon,Harris,F,2008-05-01,1,11,F,,,Not applicable
Erin,Harris,F,2007-03-04,2,9,F,,,
Georgia,Harris,F,2006-12-16,2,10,F,T,,
Emma,Hartley,F,2008-03-23,1,11,F,,,Not applicable
Ethan,Hartley,M,2004-12-28,4,5,F,T,,
Bethan,Heatley,F,2002-09-15,6,1,F,,,
Oliver,Henley,M,2004-09-09,4,6,F,,,
Nehemiah,Herbert-Matthews,M,2007-05-24,2,10,F,,A,Fluent
Ella,Hewlett,F,2004-01-29,5,3,F,T,,
Eva,Heywood,F,2008-06-19,1,12,F,,,Not applicable
Daniel,Higgins,M,2006-08-23,3,8,F,,A,
Emma,Higgins,F,2002-09-17,6,1,F,,,
Eleanor,Hill,F,2006-03-07,3,8,F,,,
Jacob,Hill,M,2002-10-07,6,1,F,T,,
Lily,Hills,F,2007-10-12,1,11,F,,,Not applicable
Ivor,Hitchings,M,2004-11-10,4,5,F,,,
Oscar,Hitchings,M,2008-05-20,1,11,F,,,Not applicable
Finn,Hollingworth,M,2007-09-12,1,11,F,,,Not applicable
Megan,Horton,F,2008-06-29,1,11,F,,,Not applicable
Morgan,Howard,M,2006-06-12,3,8,F,,,
Sophia,Howarth,F,2007-05-10,2,9,F,,,
Lara,Howells,F,2005-10-26,3,8,F,T,,
Thomas,Hurley,M,2005-06-24,4,5,F,,P,
Aidan,Hutt,M,2007-02-04,2,9,F,T,,
Mia,Ingram,F,2003-08-16,6,2,F,T,,
Martha,Inkin,F,2008-02-08,1,12,F,,,
Sophie,Inkin,F,2004-11-25,4,6,F,,,
Thomas,Inkin,M,2008-02-08,1,12,F,,,
Myles,Ireland,M,2005-04-27,4,6,F,,N,
Iraj,Irfan,F,2003-07-04,6,2,F,T,,Competent
Scarlett,James,F,2006-10-11,2,9,F,,,
Charlotte,James - Roderick,F,2008-07-05,1,11,F,,,
Hannah,James - Roderick,F,2008-07-05,1,11,F,,,
Charley,Jones,F,2005-10-26,3,8,F,,,
Elin,Jones,F,2003-07-11,6,1,F,,,
Esme,Jones,F,2003-10-07,5,3,F,,,
Hudson,Jones,M,2007-01-07,2,10,F,,,
Lili,Jones,F,2007-07-03,2,10,F,,,
Mali,Jones,F,2007-07-03,2,10,F,,,
Missi,Jones,F,2005-10-14,3,8,F,,,
Noah,Jones,M,2007-07-08,2,10,F,,,
Noah,Jones,M,2006-04-11,3,7,F,,A,
Scott,Jones,M,2002-12-16,6,2,F,,,
Oluwakorede,Kassim,F,2008-07-03,1,12,F,,,Competent
Oreoluwa,Kassim,F,2006-10-04,2,9,F,T,,Developing Competence
Matthew,Keenor,M,2006-06-16,3,7,F,,,
Daniel,Kendall,M,2004-11-08,4,6,F,,,
David,Ketteridge,M,2003-12-25,5,3,F,,P,
Salem,Khan,M,2004-10-10,4,5,F,,,Fluent
Freya,Khokhar,F,2008-01-28,1,12,F,,,
Noah,Kissick,M,2007-07-29,2,9,F,,,
Alice,Kowalewska,F,2003-03-28,6,2,F,,,
Alicja,Kowalska,F,2008-04-07,1,11,F,,,New to English
Alexander,Kruppa,M,2004-10-13,4,6,F,T,A,Early Acquisition
Ceinwen,Lane,F,2006-08-17,3,7,F,,,
Alexander,Lantzos,M,2005-01-18,4,6,F,T,A,
Poppy,Lavalette,F,2004-10-27,4,6,F,T,,
Alfie,Lawrence,M,2007-01-14,2,10,F,,,
Heidi-Rose,Lawrie,F,2006-06-12,3,7,F,,,
Chloe,Lee,F,2007-05-22,2,9,F,T,,Fluent
Bethan,Letman,F,2004-04-12,5,3,F,,,
Abigail,Lewis,F,2005-04-16,4,5,F,T,,Early Acquisition
Dorothy,Lewis,F,2004-06-24,5,3,F,,,
Harry,Lewis,M,2006-04-30,3,7,F,,,
L'Shantae,Lewis,F,2006-08-17,3,7,F,,,
Megan,Lewis,F,2004-03-29,5,4,F,,,
Sharon,Liang,F,2002-12-01,6,2,F,T,,Competent
James,Light,M,2004-04-17,5,4,F,,N,
Alice,Lillie,F,2005-10-08,3,7,F,T,,
George,Lillie,M,2008-07-25,1,11,F,,,
Alexander,Llewellyn,M,2008-04-24,1,11,F,,,Not applicable
Freya,Llewellyn,F,2004-05-20,5,4,F,,,
Amelie,Mack,F,2004-10-27,4,5,F,T,,Not applicable
Ethan,Mack,M,2003-02-09,6,1,F,T,N,
Rebecca,Makinson,F,2004-02-11,5,3,F,,,
Angharad,Mallett,F,2007-10-05,1,11,F,,,
Calypso,Manfield,F,2003-01-12,6,1,F,,,Fluent
Cameron,-03-ant,M,2006-11-14,2,10,F,,,
Henry,Marriott,M,2005-06-17,4,6,F,,,
Caden,Marsh-Magee,M,2007-10-12,1,12,F,,,
Seren,Marsh-Magee,F,2005-01-12,4,6,F,,,
Jack,Matthews,M,2003-12-22,5,3,T,,A,
Angus,McGhie,M,2003-06-16,6,1,F,T,,
Lucy,McGhie,F,2005-09-27,3,7,F,,,
Chloe,McHattie,F,2007-02-17,2,10,F,,,
Edith,McMillan,F,2007-11-17,1,11,F,,,
Olivia,McNeil,F,2007-05-30,2,9,F,,,
Benjamin,Miller,M,2004-05-22,5,3,F,,,
Eva,Miller,F,2006-04-05,3,8,F,,,
Georgia,Mitchell,F,2008-05-13,1,11,F,,,
Naadir,Mohamed,M,2002-11-25,6,1,F,,,Competent
Yoonis,Mohamed,M,2006-02-24,3,8,F,,,Developing Competence
Leia,Moore,F,2006-10-08,2,10,F,,,
Ben,Morgan,M,2004-11-12,4,6,F,T,,
Brodie,Morgan,F,2004-03-04,5,4,F,,N,
Freya,Morgan,F,2006-09-13,2,9,F,,,
Thomas,Morgan,M,2006-05-25,3,7,F,,,
Finley,Morris,F,2003-08-29,6,2,F,,N,
Matilda,Morris,F,2006-09-10,2,9,F,T,,
Pollyanna,Morris,F,2008-01-09,1,11,F,,,
Alexander,Mumford,M,2005-09-06,3,8,F,T,A,
Jai,Mushemi,M,2002-09-28,6,2,F,T,,Fluent
Jessica,Mynott,F,2006-10-19,2,10,F,,,
Tavonga,Nechironga,M,2006-06-13,3,8,F,,,Early Acquisition
Rhys,Nicholas,M,2006-06-08,3,8,F,,A,
Alexander,Ogilvie,M,2008-04-13,1,12,F,,,Fluent
Logan,O'Keeffe,M,2006-11-01,2,9,F,,,
Nathan,Oliver,M,2005-04-06,4,6,F,T,,
Jayce,O'Loughlin,M,2003-09-11,5,4,F,,,
Amber,Osborne,F,2008-03-31,1,12,F,,,
Gabriel,Osborne,M,2008-03-31,1,12,F,,,
Lily,Osborne,F,2006-03-10,3,7,F,,,
Nature,Ossei - Prempeh,M,2008-06-26,1,12,T,,,Fluent
Oliver,Oyler,M,2003-03-17,6,2,F,T,,
Luke,Palmer,M,2008-02-15,1,11,F,,,
Lucy,Parfitt,F,2008-07-23,1,12,F,,,
Keziah,Parry,F,2004-08-17,5,3,F,T,,
Thomas,Parry,M,2007-05-07,2,9,F,,,
Seren,Pearce,F,2006-10-09,2,10,F,T,,
Ella,Peddie,F,2007-04-17,2,10,F,,A,
Cheyenne,Pedler,F,2005-02-17,4,5,F,,,
Coel,Pedler,M,2005-02-17,4,5,F,,,
Tabitha,Pennington,F,2003-06-02,6,2,F,T,,
Alisha,Pereira,F,2008-03-26,1,12,F,,,Fluent
Osian,Peters,M,2006-05-15,3,8,F,,,
Charles,Petersen,M,2005-04-27,4,6,F,T,,
Huw,Phillips,M,2003-12-19,5,3,F,T,,
Jacob,Pickup,M,2002-10-02,6,2,F,,,
Maisie,Pickup,F,2007-09-21,1,12,F,,,
Flynn,Pitman,M,2006-03-06,3,8,F,,,
Phoebe,Pollock,F,2003-05-09,6,1,F,T,,
Carys,Powell,F,2005-11-29,3,7,F,,,
Harvey,Powell,M,2003-01-22,6,2,F,T,,
Katrin,Powell,F,2005-11-29,3,7,F,T,,
Duncan,Power,M,2006-10-17,2,9,F,,,
Olivia,Powling,F,2005-09-09,3,8,F,,A,
Ava,Prescott,F,2006-04-17,3,7,F,,,
Clara,Price,F,2004-11-20,4,6,F,T,,
Bella,Priest,F,2008-02-20,1,11,F,,,
Joseph,Priest,M,2003-08-18,6,1,F,,,
Catrin,Pryce,F,2007-10-08,1,11,F,,,
Nia,Pryce,F,2005-08-12,4,5,F,,,
Carys,Pryor,F,2008-07-26,1,12,F,,,
Christian,Pycroft,M,2003-12-12,5,3,F,,,
Owen,Randell,M,2005-08-02,4,5,F,,,
Gurvinder,Rani,F,2005-12-04,3,7,F,,A,Early Acquisition
Isabella,Re,F,2006-02-15,3,8,F,,,Competent
Megan,Re,F,2008-04-29,1,12,F,,,Competent
William,Read,M,2007-11-02,1,11,F,,,
Ysabel,Reed,F,2004-07-07,5,4,F,,N,
Anastasia,Rees,F,2004-07-19,5,4,F,,,
Elinor,Rees,F,2004-09-25,4,6,F,,,
Olivia,Rees,F,2006-08-15,3,7,F,,,
Susanna,Rees,F,2006-10-26,2,10,F,,,
Tilly,Reeve,F,2005-02-28,4,5,F,,,
Caitlin,Reis,F,2005-08-12,4,6,F,,,
Dylan,Reis,M,2004-03-30,5,3,F,,,
Jay,Reynolds,M,2003-04-07,6,2,F,,,
Milly,Reynolds,F,2006-03-23,3,7,F,,A,
Evan,Rhys,M,2005-01-06,4,5,F,T,,
Joshua,Riggs,M,2005-12-27,3,7,F,,A,
Ffion,Ritch,F,2007-04-19,2,9,F,,A,
Ella,Roberts,F,2002-10-10,6,2,F,,,
Lola,Roberts,F,2008-02-04,1,11,F,,,Not applicable
Michael,Roberts,M,2005-03-11,4,6,F,,,
Perez,Rodriques,M,2007-07-22,2,9,F,,,Fluent
Mia,Rowlands,F,2003-10-10,5,4,F,,,
Ruby,Rowlands,F,2007-05-18,2,9,F,,,
Natalia,Santis,F,2003-09-16,5,3,F,T,,Competent
Gabriel,Santos,M,2003-03-29,6,2,F,,A,Fluent
Corinna,Sargent,F,2006-11-12,2,9,F,,,
Abigail,Sartain,F,2003-07-23,6,2,F,,,
Isabelle,Sartain,F,2006-05-05,3,8,F,,,
Jessica,Sartain,F,2003-07-23,6,1,F,,A,
Gethin,Saunders,M,2004-02-08,5,3,F,T,,
Jessica,Sawtell,F,2007-01-08,2,9,F,,A,
Mollie,Scott,F,2003-02-04,6,1,F,,,
Tommy,Scourfield,M,2004-09-01,4,6,F,T,,
Eleri,Seaward,F,2003-02-07,6,1,F,T,,
Ellis,Seaward,M,2005-10-19,3,8,F,,,
Hamza,Siddique,M,2003-01-26,6,1,F,,S,Developing Competence
Hira,Siddique,F,2004-10-26,4,5,F,T,,Developing Competence
Elen,Simms,F,2006-05-26,3,7,F,,,
Max,Simson,M,2004-02-29,5,3,F,,,
Gurmej,Singh,M,2004-08-12,5,4,F,,,Developing Competence
Gurtar,Singh,M,2003-01-09,6,1,F,T,,Competent
Namdav,Singh,M,2003-12-14,5,4,F,,A,Early Acquisition
Takher,Singh,M,2002-12-08,6,2,F,,,Developing Competence
Amelya,Smith,F,2007-01-31,2,9,F,,A,Fluent
Caitlin,Smith,F,2004-12-02,4,6,F,T,,
Dulcina,Smith,F,2007-01-31,2,9,F,,,Fluent
Ellie-Rose,Smith,F,2004-06-01,5,4,F,,N,
Frazer,Smith,M,2004-01-17,5,4,F,,A,
Harry,Smith,M,2006-10-06,2,10,F,T,,
Harvey,Smith,M,2005-03-22,4,5,T,,A,
Leteisha,Smith,F,2003-10-02,5,4,F,,A,Fluent
Nashelle,Smith,F,2005-10-11,3,8,F,,,Fluent
Roxie-Jo,Smith,F,2006-07-14,3,7,F,,A,
Abreanna,Smitheram,F,2006-01-05,3,8,T,,,
Jakob,Smitheram,M,2003-10-10,5,4,T,,A,
Rebecca,Snelson-Kennedy,F,2004-07-01,5,4,F,,,
Kylan,St John,M,2005-07-09,4,6,F,,A,
Sophia,Staniforth,F,2005-10-20,3,7,F,T,,
Oliver,Stanton,M,2006-04-09,3,7,F,,,
Thomas,Stanton,M,2003-04-10,6,2,F,T,,
Amy,Stephenson,F,2003-08-08,6,2,F,,,
Henry,Stephenson,M,2006-02-24,3,7,F,,A,
Maggie,Stephenson,F,2004-08-21,5,3,F,,P,
Zachary,Stewart,M,2006-01-22,3,7,F,,,
Ellie,Tarr,F,2002-09-24,6,2,F,,,
Finlay,Taylor,M,2007-07-27,2,9,F,,,
Niamh,Taylor,F,2006-04-24,3,8,F,,,
Ella,Teesdale,F,2004-03-04,5,4,F,T,,
Luke,Thomas,M,2006-11-08,2,9,F,,,
Tara,Thompson,F,2004-06-19,5,3,F,,,
Leo,Thorne,M,2007-04-05,2,9,F,,,
Joseph,Travaglia,M,2004-01-19,5,3,F,T,,
Samuel,Travaglia,M,2007-01-07,2,10,F,T,,
Ella,Trigg,F,2008-03-30,1,11,F,,,
Nina,Tucker,F,2007-02-28,2,10,F,,,Fluent
James,Vaidya,M,2003-10-11,5,3,F,T,,Fluent
Sophia,Valenton,F,2006-08-26,3,8,F,,,Fluent
Tayte,Vatsaloo,F,2003-12-31,5,3,F,,,
Millie,Vaughan,F,2004-12-08,4,5,F,T,,
Luca,Vignes,M,2006-11-08,2,10,F,,,
Eslam,Wafa,M,2004-03-05,5,4,F,,,Fluent
Yasmin,Wafa,F,2005-10-10,3,8,F,,,Fluent
Emer,Walsh,F,2004-01-08,5,4,F,,,
Jeremy,Warder,M,2005-10-28,3,7,F,,A,
Dylan,Watson,M,2004-06-18,5,4,T,,N,
Evelyne,Webb,F,2004-02-13,5,3,F,,P,
Lily-Mai,Whiteley,F,2007-05-12,2,10,F,,A,
Hannah,Whitfield,F,2003-05-15,6,1,F,,,
Bethan,Williams,F,2007-05-14,2,10,F,,,
Jack,Williams,M,2007-04-06,2,9,F,,,
Mollie,Williams,F,2004-03-06,5,3,F,,,
Olivia,Williams,F,2006-10-02,2,10,F,,,
Oscar,Williams,M,2004-08-09,5,4,F,,,
Samuel,Williams,M,2005-06-13,4,5,F,,,
Zac,Williams,M,2006-11-29,2,9,F,T,,
Lewis,Woodruff,M,2005-02-25,4,5,F,,,
Ella,Worman,F,2008-03-25,1,12,F,,,
Leila Mei,Yau,F,2008-07-10,1,11,F,,,Fluent
Edward,Young,M,2004-08-09,5,3,F,,P,
Daniel,Zebrowski,M,2008-07-11,1,12,F,,,Early Acquisition
